time,leg_joint1,leg_joint2,leg_joint3,leg_joint4,leg_joint5,head_joint1,head_joint2,left_arm_joint1,left_arm_joint2,left_arm_joint3,left_arm_joint4,left_arm_joint5,left_arm_joint6,left_arm_joint7,right_arm_joint1,right_arm_joint2,right_arm_joint3,right_arm_joint4,right_arm_joint5,right_arm_joint6,right_arm_joint7,chassis_x,chassis_y,chassis_yaw
0,0.25,0.65,0.4,0,0,0,0,1,-0.7,-0.4,-1.57,0,0,0,-1,0.7,0.4,1.57,0,0,0,0,0,0
0.1,0.24856,0.65704,0.385179,0.00842,-0.000125,-0.013766,0.023302,1.00953,-0.651431,-0.434128,-1.4471,-0.049029,-0.128768,0.059678,-1.04877,0.70442,0.405125,1.37988,-0.005403,0.195402,0.024248,0.015692,-0.000663,0.005347
0.15,0.23305,0.664323,0.401213,0.010563,-0.000121,-0.014584,0.030061,1.02082,-0.650063,-0.435772,-1.45097,-0.050017,-0.12847,0.058317,-1.06236,0.707123,0.404224,1.3844,-0.008536,0.194301,0.031457,0.027464,-0.000462,0.004023
0.2,0.211947,0.672562,0.421764,0.012265,-0.00013,-0.015598,0.038852,1.03565,-0.64829,-0.437975,-1.45611,-0.05127,-0.128011,0.056447,-1.07992,0.709252,0.404098,1.39005,-0.011207,0.193245,0.039385,0.043101,-0.000342,0.003336
0.25,0.191612,0.681587,0.442381,0.013761,-0.000139,-0.016679,0.047595,1.05028,-0.646663,-0.44002,-1.46135,-0.052355,-0.127393,0.054536,-1.09737,0.711448,0.40392,1.39555,-0.013941,0.192233,0.047335,0.058657,-0.000264,0.002921
0.3,0.17207,0.691363,0.46302,0.015141,-0.000151,-0.017819,0.056276,1.0647,-0.645176,-0.441911,-1.46669,-0.053276,-0.126613,0.052582,-1.11465,0.713718,0.403677,1.4009,-0.016741,0.191257,0.055292,0.074118,-0.000209,0.002682
0.35,0.153354,0.701851,0.483624,0.016462,-0.000166,-0.01901,0.064876,1.07888,-0.643828,-0.443648,-1.47212,-0.054035,-0.125671,0.050589,-1.13172,0.716067,0.403359,1.40609,-0.019609,0.190309,0.063243,0.08946,-0.000168,0.002553
0.4,0.135494,0.713007,0.504138,0.017761,-0.000183,-0.020247,0.073378,1.09281,-0.642616,-0.445229,-1.47764,-0.054632,-0.124566,0.048557,-1.14854,0.718498,0.402956,1.41111,-0.022546,0.18938,0.071174,0.104656,-0.000134,0.002493
0.45,0.118511,0.724783,0.524509,0.019058,-0.000202,-0.021524,0.081767,1.10646,-0.641537,-0.446652,-1.48323,-0.055069,-0.123297,0.046491,-1.16507,0.721013,0.40246,1.41597,-0.025549,0.18846,0.079071,0.119686,-0.000104,0.002474
0.5,0.102418,0.737127,0.544686,0.020367,-0.000223,-0.022835,0.090028,1.11981,-0.64059,-0.447918,-1.4889,-0.055348,-0.121864,0.044392,-1.18128,0.723613,0.401867,1.42067,-0.028617,0.187542,0.086923,0.134524,-7.5e-05,0.002479
0.55,0.087224,0.749985,0.56462,0.021693,-0.000245,-0.024176,0.098147,1.13284,-0.639772,-0.449024,-1.49464,-0.055472,-0.120266,0.042264,-1.19713,0.726296,0.401171,1.42522,-0.031747,0.186616,0.094717,0.149148,-4.7e-05,0.002495
0.6,0.072933,0.7633,0.584263,0.02304,-0.000266,-0.025541,0.106111,1.14553,-0.639082,-0.44997,-1.50043,-0.055443,-0.118505,0.040108,-1.21261,0.72906,0.40037,1.4296,-0.034935,0.185671,0.102441,0.163535,-1.8e-05,0.002515
0.65,0.059539,0.777011,0.60357,0.024407,-0.000288,-0.026925,0.11391,1.15788,-0.638516,-0.450756,-1.50628,-0.055265,-0.116579,0.037927,-1.22768,0.731904,0.399463,1.43384,-0.038177,0.184699,0.110084,0.177664,1e-05,0.002534
0.7,0.047036,0.791058,0.622499,0.025793,-0.000309,-0.028323,0.121532,1.16986,-0.638074,-0.451383,-1.51217,-0.054941,-0.114491,0.035722,-1.24234,0.734822,0.398447,1.43794,-0.041467,0.18369,0.117634,0.191513,3.8e-05,0.002549
0.75,0.035408,0.805376,0.64101,0.027194,-0.000329,-0.02973,0.128968,1.18147,-0.637751,-0.451852,-1.51811,-0.054476,-0.11224,0.033496,-1.25654,0.737812,0.397324,1.4419,-0.044802,0.182634,0.125081,0.205059,6.6e-05,0.002558
0.8,0.024637,0.819901,0.659065,0.028606,-0.000347,-0.031141,0.136209,1.19269,-0.637546,-0.452164,-1.52409,-0.053873,-0.10983,0.031251,-1.27029,0.740867,0.396093,1.44573,-0.048176,0.181522,0.132414,0.218284,9.2e-05,0.002558
0.85,0.014702,0.834565,0.676629,0.030026,-0.000364,-0.032549,0.143246,1.20352,-0.637457,-0.452321,-1.53009,-0.053137,-0.107261,0.028987,-1.28357,0.743983,0.394758,1.44944,-0.051582,0.180344,0.139622,0.231165,0.000118,0.00255
0.9,0.005574,0.849303,0.693669,0.031447,-0.000379,-0.033951,0.150072,1.21395,-0.637481,-0.452326,-1.53612,-0.052274,-0.104536,0.026707,-1.29635,0.747154,0.393318,1.45305,-0.055016,0.17909,0.146695,0.243684,0.000143,0.002532
0.95,0.001171,0.862868,0.701356,0.033052,-0.000447,-0.035816,0.160357,1.23008,-0.636848,-0.453151,-1.54379,-0.051661,-0.101902,0.023722,-1.31582,0.749629,0.392994,1.45832,-0.057857,0.178083,0.155217,0.255819,0.000181,0.0028
1,0.001163,0.875243,0.700168,0.03495,-0.000565,-0.038162,0.173933,1.25154,-0.63561,-0.454709,-1.55295,-0.051217,-0.099397,0.020087,-1.34158,0.751547,0.393655,1.46506,-0.060208,0.177376,0.165169,0.267551,0.000233,0.003261
1.05,0.001153,0.887655,0.699763,0.037002,-0.000654,-0.040461,0.186763,1.27165,-0.634606,-0.455946,-1.5618,-0.050527,-0.096761,0.016563,-1.36573,0.753752,0.393957,1.47131,-0.062764,0.176607,0.174788,0.278873,0.000274,0.003521
1.1,0.001144,0.900021,0.700065,0.039135,-0.00072,-0.042704,0.198841,1.29042,-0.633829,-0.456868,-1.57035,-0.049608,-0.093987,0.013149,-1.38826,0.756211,0.393915,1.47712,-0.0655,0.175749,0.184055,0.289758,0.000307,0.003641
1.15,0.001134,0.912267,0.70099,0.041298,-0.000765,-0.044882,0.210177,1.30788,-0.633267,-0.457487,-1.57861,-0.048483,-0.091066,0.009841,-1.40922,0.758889,0.39355,1.48253,-0.068388,0.174778,0.192956,0.300189,0.000332,0.003665
1.2,0.001124,0.924322,0.702455,0.043454,-0.000793,-0.046986,0.220779,1.32406,-0.632911,-0.457815,-1.58661,-0.047171,-0.087997,0.006634,-1.42864,0.761754,0.392883,1.48758,-0.071403,0.173673,0.201479,0.310152,0.00035,0.00362
1.25,0.001114,0.936116,0.704379,0.045573,-0.000807,-0.049005,0.230661,1.339,-0.632751,-0.457867,-1.59437,-0.045692,-0.084777,0.003522,-1.44655,0.764774,0.391937,1.49231,-0.074522,0.172413,0.209616,0.31963,0.000361,0.003526
1.3,0.001104,0.947579,0.70668,0.047633,-0.000808,-0.050932,0.239834,1.35275,-0.632779,-0.45766,-1.60188,-0.044063,-0.081404,0.000499,-1.46299,0.767921,0.390735,1.49677,-0.077723,0.170982,0.217356,0.328608,0.000367,0.003396
1.35,0.001,0.958527,0.709288,0.049604,-0.000793,-0.052724,0.24828,1.36534,-0.632992,-0.457243,-1.6092,-0.042329,-0.077861,-0.002459,-1.47804,0.771111,0.389355,1.5011,-0.080956,0.169327,0.22468,0.337056,0.000331,0.003219
1.4,0.001,0.969148,0.712106,0.05149,-0.000776,-0.054443,0.256083,1.37681,-0.633374,-0.45656,-1.61627,-0.040447,-0.074192,-0.005321,-1.49168,0.774436,0.387705,1.50511,-0.084267,0.167511,0.231613,0.344998,0.000331,0.003053
1.45,0.001,0.979249,0.71507,0.053276,-0.000749,-0.056045,0.26322,1.38721,-0.633923,-0.455664,-1.62314,-0.038462,-0.070377,-0.008111,-1.50398,0.777811,0.385866,1.50896,-0.087605,0.165483,0.238134,0.352402,0.000326,0.002868
1.5,0.001,0.988772,0.718103,0.05495,-0.000714,-0.057524,0.269709,1.39657,-0.634634,-0.45457,-1.62981,-0.036387,-0.066421,-0.010834,-1.515,0.781214,0.383861,1.51268,-0.090954,0.163231,0.244239,0.359257,0.000317,0.00267
1.55,0.001,0.997663,0.721137,0.056505,-0.000672,-0.058875,0.275566,1.40494,-0.635503,-0.453292,-1.63629,-0.034234,-0.062329,-0.013494,-1.52478,0.784627,0.381712,1.5163,-0.094302,0.160747,0.249929,0.365551,0.000304,0.002463
1.6,0.001,1.00587,0.724103,0.057932,-0.000625,-0.060093,0.280805,1.41235,-0.636524,-0.451843,-1.64259,-0.032012,-0.058107,-0.016093,-1.53337,0.788031,0.379437,1.51984,-0.097637,0.158024,0.255203,0.371276,0.000288,0.002249
1.65,0.001,1.01335,0.72694,0.059226,-0.000574,-0.061175,0.285444,1.41883,-0.637694,-0.450236,-1.64871,-0.029733,-0.053761,-0.018636,-1.5408,0.791413,0.377055,1.52333,-0.100949,0.155057,0.260061,0.376422,0.000268,0.002032
1.7,0.001,1.02005,0.729589,0.060382,-0.000519,-0.062119,0.289497,1.42442,-0.639008,-0.448484,-1.65465,-0.027404,-0.049298,-0.021123,-1.54712,0.794759,0.374582,1.5268,-0.10423,0.151839,0.264506,0.380982,0.000246,0.001812
1.75,0.001,1.02594,0.731997,0.061398,-0.000462,-0.062923,0.292977,1.42915,-0.640464,-0.446596,-1.66041,-0.025033,-0.044725,-0.023554,-1.55237,0.79806,0.372034,1.53026,-0.107471,0.148369,0.26854,0.384948,0.000221,0.001593
1.8,0.001,1.03099,0.734117,0.06227,-0.000402,-0.063585,0.295898,1.43303,-0.642057,-0.444584,-1.666,-0.022626,-0.040051,-0.025931,-1.55658,0.801306,0.369424,1.53374,-0.110669,0.144643,0.272164,0.388314,0.000195,0.001374
1.85,0.001,1.03516,0.73591,0.062998,-0.000341,-0.064104,0.298272,1.4361,-0.643784,-0.442456,-1.67141,-0.020191,-0.035282,-0.028252,-1.55978,0.804491,0.366762,1.53724,-0.113817,0.140659,0.275381,0.391075,0.000167,0.001157
1.9,0.001,1.03843,0.737339,0.063582,-0.00028,-0.064482,0.300107,1.43838,-0.645644,-0.440221,-1.67664,-0.017733,-0.030428,-0.030515,-1.562,0.80761,0.36406,1.54078,-0.116914,0.136416,0.278194,0.393227,0.000138,0.000943
1.95,0.001,1.04078,0.73838,0.06402,-0.000218,-0.064719,0.301412,1.43986,-0.647632,-0.437888,-1.68168,-0.015257,-0.025494,-0.032717,-1.56326,0.810661,0.361324,1.54437,-0.119957,0.131915,0.280604,0.394767,0.000108,0.000732
2,0.001,1.04219,0.739011,0.064314,-0.000156,-0.064814,0.302191,1.44058,-0.649746,-0.435464,-1.68654,-0.012767,-0.020491,-0.034856,-1.56358,0.813641,0.358562,1.54801,-0.122944,0.127154,0.282614,0.395692,7.8e-05,0.000523
2.05,0.001,1.04285,0.739204,0.06449,-0.000101,-0.064814,0.302654,1.44082,-0.651942,-0.432983,-1.69127,-0.010269,-0.015448,-0.036956,-1.56334,0.81654,0.355815,1.55178,-0.125861,0.122171,0.284335,0.396179,5.1e-05,0.000339
2.1,0.001,1.04225,0.738996,0.064173,0.000142,-0.06372,0.30224,1.44154,-0.654051,-0.431577,-1.69604,-0.008241,-0.010438,-0.039689,-1.56385,0.813339,0.358337,1.55876,-0.123126,0.117292,0.281039,0.395742,-7.2e-05,-0.000475
2.15,0.001,1.04119,0.738322,0.063586,0.000304,-0.062613,0.301853,1.44228,-0.656169,-0.430155,-1.70079,-0.006209,-0.005439,-0.042419,-1.56442,0.810022,0.360998,1.56595,-0.120272,0.112254,0.277671,0.395168,-0.000154,-0.00102
2.2,0.001,1.03968,0.737185,0.062811,0.000414,-0.061483,0.301467,1.443,-0.658296,-0.428724,-1.70548,-0.004179,-0.000458,-0.045142,-1.56501,0.806599,0.363771,1.57333,-0.11731,0.107053,0.274201,0.394438,-0.00021,-0.001391
2.25,0.001,1.03768,0.735593,0.061899,0.000491,-0.06032,0.301056,1.44368,-0.660432,-0.427289,-1.71012,-0.002157,0.004501,-0.047854,-1.56555,0.803074,0.366649,1.58089,-0.114244,0.101687,0.270615,0.393531,-0.000249,-0.001653
2.3,0.001,1.03518,0.733556,0.060883,0.000547,-0.05912,0.300596,1.44429,-0.662578,-0.425855,-1.71469,-0.000146,0.009431,-0.050551,-1.56599,0.79945,0.369626,1.58862,-0.111076,0.096152,0.266897,0.39243,-0.000279,-0.001845
2.35,0.001,1.03218,0.731085,0.059783,0.00059,-0.057878,0.300064,1.44479,-0.664735,-0.424422,-1.71916,0.001847,0.014328,-0.053225,-1.56628,0.795731,0.372696,1.59649,-0.107808,0.090445,0.263037,0.39112,-0.000301,-0.001994
2.4,0.001,1.02805,0.728272,0.058541,0.000641,-0.056464,0.298744,1.44408,-0.66705,-0.422879,-1.72331,0.003834,0.019269,-0.055743,-1.56509,0.79197,0.375712,1.60429,-0.104493,0.084438,0.258668,0.388982,-0.000329,-0.002173
2.45,0.00225,1.02096,0.72265,0.057077,0.0007,-0.054786,0.29602,1.44118,-0.669649,-0.421119,-1.72689,0.005829,0.024321,-0.057972,-1.56126,0.788225,0.378533,1.61179,-0.101177,0.07802,0.253489,0.384422,-0.000359,-0.002395
2.5,0.003816,1.01304,0.716185,0.055512,0.000742,-0.053058,0.292999,1.43779,-0.672292,-0.419321,-1.73028,0.00781,0.029344,-0.060101,-1.55682,0.784438,0.381365,1.61932,-0.097789,0.071401,0.248074,0.379276,-0.000376,-0.002564
2.55,0.005708,1.00432,0.708886,0.053867,0.000772,-0.051283,0.289686,1.43391,-0.674974,-0.417488,-1.73347,0.009775,0.034331,-0.062127,-1.55178,0.780609,0.384207,1.62686,-0.094329,0.064585,0.242427,0.373551,-0.000384,-0.002697
2.6,0.007955,0.994843,0.700763,0.052157,0.000792,-0.049468,0.286084,1.42954,-0.67769,-0.415624,-1.73646,0.011723,0.039272,-0.064043,-1.54613,0.776746,0.387055,1.6344,-0.0908,0.057576,0.236557,0.367257,-0.000387,-0.002803
2.65,0.010591,0.984658,0.691829,0.050395,0.000806,-0.047621,0.282198,1.42467,-0.680436,-0.413728,-1.73924,0.013654,0.044159,-0.065842,-1.53987,0.772855,0.3899,1.64192,-0.087203,0.050381,0.230473,0.360402,-0.000385,-0.002889
2.7,0.01365,0.973816,0.682095,0.048594,0.000813,-0.045751,0.278032,1.41932,-0.683207,-0.411801,-1.7418,0.015566,0.048986,-0.067517,-1.533,0.768944,0.392737,1.64943,-0.083542,0.043004,0.224184,0.352998,-0.000378,-0.002957
2.75,0.017166,0.962373,0.671577,0.046764,0.000814,-0.043866,0.273593,1.41349,-0.685998,-0.409844,-1.74413,0.01746,0.053742,-0.069062,-1.52552,0.76502,0.39556,1.65688,-0.07982,0.035453,0.217699,0.345056,-0.000368,-0.00301
2.8,0.02129,0.950527,0.660284,0.044921,0.000809,-0.04199,0.268918,1.40715,-0.688808,-0.40783,-1.7462,0.019345,0.058411,-0.070451,-1.5174,0.761123,0.398334,1.66421,-0.07605,0.02775,0.211038,0.336619,-0.000321,-0.00304
2.85,0.025846,0.938072,0.648246,0.043066,0.000801,-0.040104,0.263947,1.40033,-0.691627,-0.405812,-1.74806,0.021203,0.063001,-0.071714,-1.50872,0.757195,0.401108,1.67154,-0.072215,0.01987,0.204192,0.32764,-0.000302,-0.003068
2.9,0.030972,0.925195,0.635474,0.041209,0.000789,-0.038231,0.258718,1.39303,-0.694455,-0.403762,-1.74969,0.023043,0.067497,-0.072828,-1.49944,0.753273,0.40385,1.67879,-0.068328,0.011835,0.197181,0.318163,-0.00028,-0.003081
2.95,0.036705,0.911961,0.62199,0.039359,0.000772,-0.036377,0.253237,1.38524,-0.697289,-0.401681,-1.75106,0.024867,0.071889,-0.073786,-1.48956,0.749365,0.406554,1.68594,-0.064393,0.003654,0.190016,0.308202,-0.000255,-0.003081
3,0.043085,0.898435,0.607815,0.037526,0.000752,-0.034552,0.247508,1.37696,-0.700125,-0.399566,-1.75218,0.026676,0.076169,-0.074584,-1.4791,0.745475,0.409215,1.69298,-0.060414,-0.004667,0.182707,0.297772,-0.000228,-0.003067
3.05,0.050146,0.884682,0.592974,0.035716,0.000728,-0.032764,0.241538,1.3682,-0.702962,-0.397418,-1.75304,0.028469,0.080329,-0.075217,-1.46806,0.741608,0.411828,1.6999,-0.056393,-0.01312,0.175266,0.28689,-0.0002,-0.00304
3.1,0.057924,0.870772,0.577493,0.033938,0.0007,-0.031022,0.235332,1.35896,-0.705796,-0.395236,-1.75363,0.030249,0.084361,-0.07568,-1.45645,0.737769,0.414388,1.70669,-0.052337,-0.021696,0.167701,0.275571,-0.00017,-0.002999
3.15,0.066453,0.856771,0.5614,0.0322,0.000669,-0.029332,0.228897,1.34924,-0.708625,-0.393016,-1.75395,0.032017,0.088255,-0.075969,-1.44427,0.733963,0.41689,1.71333,-0.048248,-0.030387,0.160026,0.263834,-0.000139,-0.002945
3.2,0.075763,0.842748,0.544727,0.03051,0.000635,-0.027702,0.22224,1.33905,-0.71145,-0.39076,-1.754,0.033774,0.092005,-0.076082,-1.43155,0.730194,0.419331,1.71982,-0.044131,-0.039184,0.15225,0.251697,-0.000108,-0.002878
3.25,0.085884,0.828771,0.527505,0.028873,0.000598,-0.02614,0.215365,1.32839,-0.714268,-0.388465,-1.75376,0.035522,0.095602,-0.076015,-1.41828,0.726464,0.421707,1.72614,-0.039991,-0.048079,0.144384,0.239177,-7.7e-05,-0.002798
3.3,0.096841,0.814908,0.509771,0.027298,0.00056,-0.024651,0.208282,1.31727,-0.717078,-0.386131,-1.75324,0.037262,0.099036,-0.075768,-1.40448,0.722776,0.424014,1.73227,-0.035832,-0.057063,0.136439,0.226295,-4.7e-05,-0.002705
3.35,0.108655,0.801227,0.491562,0.02579,0.000519,-0.023243,0.200998,1.30569,-0.71988,-0.383756,-1.75242,0.038995,0.102301,-0.075339,-1.39017,0.719133,0.426251,1.73823,-0.031659,-0.066126,0.128425,0.21307,-1.8e-05,-0.0026
3.4,0.121344,0.787794,0.472918,0.024355,0.000477,-0.021919,0.193521,1.29367,-0.722675,-0.381341,-1.75132,0.040724,0.105389,-0.074727,-1.37537,0.715535,0.428415,1.74398,-0.027477,-0.07526,0.120353,0.199523,1e-05,-0.002482
3.45,0.134922,0.774674,0.453882,0.022999,0.000435,-0.020686,0.18586,1.28123,-0.725461,-0.378885,-1.74992,0.042448,0.10829,-0.073935,-1.36009,0.711984,0.430504,1.74954,-0.023291,-0.084453,0.112234,0.185674,3.5e-05,-0.002353
3.5,0.149397,0.76193,0.434498,0.021726,0.000392,-0.019548,0.178026,1.26837,-0.72824,-0.376388,-1.74822,0.04417,0.110998,-0.072962,-1.34436,0.70848,0.432518,1.75488,-0.019106,-0.093697,0.104077,0.171545,5.8e-05,-0.002213
3.55,0.164773,0.749624,0.414815,0.020542,0.000349,-0.018509,0.170029,1.25511,-0.73101,-0.373853,-1.74623,0.045889,0.113504,-0.071813,-1.32819,0.705023,0.434456,1.76001,-0.014925,-0.102983,0.095892,0.157157,7.8e-05,-0.002063
3.6,0.181046,0.737815,0.394882,0.01945,0.000307,-0.017571,0.161881,1.24147,-0.733773,-0.371279,-1.74393,0.047607,0.115803,-0.07049,-1.31161,0.701612,0.436319,1.76492,-0.010756,-0.112299,0.08769,0.142532,9.4e-05,-0.001904
3.65,0.198209,0.726559,0.37475,0.018453,0.000266,-0.016738,0.153596,1.22747,-0.736527,-0.368669,-1.74134,0.049323,0.117886,-0.068998,-1.29466,0.698245,0.438107,1.76961,-0.006601,-0.121635,0.07948,0.127693,0.000106,-0.001736
3.7,0.216248,0.715912,0.354472,0.017555,0.000226,-0.016011,0.145188,1.21315,-0.739273,-0.366028,-1.73846,0.051036,0.119747,-0.067342,-1.27735,0.69492,0.439822,1.77408,-0.002466,-0.130983,0.07127,0.112663,0.000114,-0.00156
3.75,0.235142,0.705922,0.334105,0.016758,0.000188,-0.015392,0.136672,1.19852,-0.742011,-0.363357,-1.73528,0.052746,0.121379,-0.065529,-1.25973,0.691635,0.441465,1.77832,0.001644,-0.140332,0.063072,0.097466,0.000117,-0.001379
3.8,0.254867,0.696636,0.313703,0.016064,0.000152,-0.014881,0.128065,1.18362,-0.744738,-0.360662,-1.73182,0.054451,0.122778,-0.063567,-1.24183,0.688387,0.44304,1.78235,0.005726,-0.149672,0.054892,0.082123,0.000116,-0.001193
3.85,0.275389,0.688099,0.293324,0.015473,0.000119,-0.014478,0.119384,1.16849,-0.747454,-0.357948,-1.72808,0.056148,0.123939,-0.061463,-1.22369,0.685173,0.444549,1.78615,0.009775,-0.158994,0.046739,0.06666,0.000109,-0.001003
3.9,0.29667,0.680348,0.273027,0.014988,9e-05,-0.014182,0.11065,1.15315,-0.750157,-0.355222,-1.72407,0.057836,0.124856,-0.059226,-1.20534,0.681989,0.445997,1.78974,0.013788,-0.168288,0.038623,0.051099,9.8e-05,-0.000811
3.95,0.318667,0.673418,0.252869,0.014606,6.3e-05,-0.013992,0.101881,1.13765,-0.752843,-0.352491,-1.71979,0.059511,0.125527,-0.056867,-1.18682,0.678831,0.447387,1.79312,0.017761,-0.177545,0.030549,0.035466,8.3e-05,-0.000618
4,0.34133,0.667338,0.232908,0.014329,4e-05,-0.013906,0.093099,1.12204,-0.755509,-0.349762,-1.71526,0.061168,0.125949,-0.054394,-1.16818,0.675695,0.448724,1.79629,0.021692,-0.186757,0.022526,0.019783,6.2e-05,-0.000426
4.05,0.364605,0.662132,0.213202,0.014155,2e-05,-0.01392,0.084325,1.10635,-0.758151,-0.347044,-1.71049,0.062803,0.12612,-0.05182,-1.14946,0.672576,0.450012,1.79927,0.025577,-0.195915,0.014561,0.004076,3.7e-05,-0.000236
4.1,0.388119,0.657748,0.194278,0.013934,2.5e-05,-0.0136,0.075352,1.09097,-0.760566,-0.344861,-1.7056,0.064209,0.12605,-0.04938,-1.13295,0.669405,0.451898,1.79394,0.029214,-0.194996,0.007366,-0.011644,5.7e-05,-0.000335
4.15,0.412069,0.654252,0.175762,0.013708,2.4e-05,-0.013353,0.066421,1.07562,-0.762924,-0.342729,-1.70052,0.065571,0.125733,-0.046867,-1.11654,0.666251,0.453748,1.78852,0.032799,-0.194008,0.00025,-0.027327,6.5e-05,-0.000356
4.2,0.436414,0.651653,0.15769,0.013502,1.9e-05,-0.013175,0.057548,1.06032,-0.76522,-0.340655,-1.69523,0.066886,0.125169,-0.04429,-1.10027,0.663114,0.455563,1.783,0.03633,-0.192943,-0.006784,-0.042961,6.4e-05,-0.000328
4.25,0.461084,0.64995,0.14011,0.013331,1.3e-05,-0.013061,0.048756,1.04513,-0.767447,-0.33865,-1.68977,0.068145,0.12436,-0.04166,-1.08417,0.659991,0.457348,1.77741,0.039805,-0.191798,-0.01373,-0.058523,5.6e-05,-0.000271
4.3,0.486009,0.64914,0.123067,0.013203,8e-06,-0.013005,0.040064,1.03009,-0.769596,-0.336722,-1.68415,0.069344,0.12331,-0.038986,-1.06827,0.656881,0.459105,1.77173,0.043225,-0.190568,-0.020584,-0.073989,4.3e-05,-0.000197
4.35,0.511115,0.649212,0.106601,0.013121,4e-06,-0.013004,0.031496,1.01523,-0.771661,-0.33488,-1.67839,0.070476,0.122023,-0.036278,-1.05262,0.653782,0.460841,1.766,0.046589,-0.189247,-0.027341,-0.089334,2.7e-05,-0.000117
4.4,0.53633,0.650149,0.090749,0.013088,1e-06,-0.013052,0.023071,1.00061,-0.773634,-0.333132,-1.67249,0.071535,0.120504,-0.033545,-1.03724,0.650692,0.462559,1.7602,0.049898,-0.187833,-0.033997,-0.104534,9e-06,-3.5e-05
4.45,0.561578,0.651929,0.075544,0.0131,-1e-06,-0.013145,0.014808,0.986252,-0.775507,-0.331486,-1.66649,0.072515,0.118758,-0.030795,-1.02217,0.647611,0.464264,1.75436,0.053152,-0.186322,-0.040549,-0.119568,-1.1e-05,4.5e-05
4.5,0.586786,0.654523,0.061014,0.013157,-1e-06,-0.013277,0.006724,0.972195,-0.777273,-0.329948,-1.66039,0.07341,0.116792,-0.028035,-1.00745,0.644538,0.46596,1.74849,0.056352,-0.184711,-0.046993,-0.13441,-3.2e-05,0.000119
4.55,0.61188,0.657899,0.047183,0.013256,0,-0.013444,-0.001164,0.958469,-0.778926,-0.328525,-1.65421,0.074216,0.114612,-0.025271,-0.993088,0.641472,0.467651,1.74258,0.059499,-0.182997,-0.053327,-0.149038,-5.3e-05,0.000188
4.6,0.63679,0.662017,0.03407,0.013391,2e-06,-0.013641,-0.008842,0.945103,-0.780459,-0.327221,-1.64797,0.074928,0.112226,-0.022509,-0.979121,0.638413,0.469339,1.73665,0.062594,-0.181178,-0.059548,-0.16343,-7.3e-05,0.00025
4.65,0.661444,0.666834,0.021686,0.01356,5e-06,-0.013864,-0.016297,0.932121,-0.781866,-0.326041,-1.64168,0.075541,0.109642,-0.019755,-0.965567,0.635362,0.471028,1.7307,0.065638,-0.179251,-0.065655,-0.177564,-9.2e-05,0.000304
4.7,0.685775,0.6723,0.010041,0.013759,8e-06,-0.014109,-0.023517,0.919545,-0.783142,-0.324988,-1.63535,0.076053,0.106867,-0.017011,-0.952445,0.632319,0.472719,1.72475,0.068631,-0.177215,-0.071645,-0.191417,-0.00011,0.00035
4.75,0.70798,0.6776,0.001248,0.014036,1.5e-05,-0.014515,-0.031629,0.905178,-0.784775,-0.323551,-1.62818,0.076791,0.103809,-0.013921,-0.937872,0.629456,0.474018,1.71818,0.071393,-0.17504,-0.077683,-0.204968,-0.000155,0.000479
4.8,0.723087,0.680423,0.001187,0.014579,4e-05,-0.015501,-0.043851,0.882748,-0.788208,-0.320262,-1.61782,0.078724,0.10014,-0.009494,-0.916489,0.627258,0.473794,1.70924,0.073386,-0.172619,-0.084217,-0.218195,-0.000307,0.000923
4.85,0.738139,0.683766,0.001179,0.015286,6.6e-05,-0.016473,-0.055552,0.861315,-0.79145,-0.317239,-1.60756,0.080508,0.096249,-0.005223,-0.896026,0.625052,0.473652,1.70041,0.075314,-0.170045,-0.090581,-0.231082,-0.000405,0.001189
4.9,0.75312,0.687594,0.00117,0.01609,8.9e-05,-0.017423,-0.066697,0.840939,-0.794476,-0.314491,-1.59745,0.082127,0.092162,-0.001113,-0.876541,0.622831,0.473607,1.69172,0.077191,-0.167323,-0.096771,-0.243606,-0.000467,0.001336
4.95,0.767974,0.691855,0.00116,0.016948,0.000108,-0.018348,-0.077281,0.821615,-0.797275,-0.312014,-1.58751,0.083575,0.087899,0.002844,-0.858037,0.620596,0.473662,1.68318,0.079027,-0.164461,-0.102788,-0.255748,-0.000502,0.001404
5,0.782646,0.696492,0.00115,0.017829,0.000124,-0.019243,-0.087306,0.803337,-0.799838,-0.309804,-1.57775,0.084848,0.083478,0.006653,-0.840509,0.618345,0.473815,1.67479,0.080828,-0.161464,-0.108634,-0.26749,-0.000519,0.00142
5.05,0.79708,0.70145,0.00114,0.018712,0.000135,-0.020106,-0.096772,0.786095,-0.802158,-0.307854,-1.56819,0.085943,0.07892,0.010322,-0.823953,0.616081,0.474067,1.66656,0.082601,-0.158335,-0.114311,-0.278813,-0.000523,0.0014
5.1,0.811222,0.706671,0.001129,0.019583,0.000143,-0.020932,-0.105683,0.769876,-0.804226,-0.30616,-1.55884,0.086857,0.07424,0.013857,-0.808358,0.613805,0.474415,1.65848,0.084352,-0.155079,-0.119821,-0.289701,-0.000517,0.001357
5.15,0.825018,0.712096,0.001118,0.02043,0.000148,-0.021719,-0.114043,0.754666,-0.80604,-0.304715,-1.54972,0.087589,0.069456,0.017266,-0.793712,0.611519,0.474856,1.65056,0.086084,-0.151699,-0.125166,-0.300135,-0.000503,0.001297
5.2,0.838416,0.717666,0.001108,0.021246,0.000149,-0.022463,-0.121861,0.740446,-0.807595,-0.303512,-1.54083,0.088139,0.064583,0.020555,-0.78,0.609228,0.475387,1.64279,0.087803,-0.148199,-0.130348,-0.3101,-0.000485,0.001226
5.25,0.851364,0.723321,0.001097,0.022023,0.000148,-0.023162,-0.129142,0.727198,-0.808892,-0.302544,-1.53218,0.088508,0.059636,0.023732,-0.767208,0.606933,0.476005,1.63518,0.089511,-0.14458,-0.135369,-0.319582,-0.000462,0.001148
5.3,0.863836,0.728907,0.001,0.022757,0.000145,-0.023814,-0.135932,0.714864,-0.80992,-0.301813,-1.5238,0.088692,0.054641,0.02682,-0.755281,0.604635,0.476728,1.62772,0.091228,-0.140856,-0.140236,-0.328588,-0.000424,0.001067
5.35,0.875736,0.734569,0.001,0.023445,0.00014,-0.024419,-0.142171,0.703496,-0.8107,-0.301292,-1.51565,0.088707,0.049581,0.02979,-0.744276,0.602344,0.477508,1.62041,0.09292,-0.137003,-0.144942,-0.337056,-0.000397,0.000984
5.4,0.88704,0.740138,0.001,0.024086,0.000133,-0.024974,-0.147905,0.69303,-0.811225,-0.300982,-1.50775,0.088549,0.044484,0.032668,-0.734132,0.600062,0.478364,1.61323,0.094607,-0.133035,-0.149492,-0.344998,-0.000369,0.000898
5.45,0.897703,0.74556,0.001,0.024676,0.000124,-0.025479,-0.153147,0.683442,-0.811499,-0.300875,-1.50011,0.088222,0.03936,0.035461,-0.724829,0.597793,0.479292,1.60619,0.096289,-0.128953,-0.153891,-0.352402,-0.000338,0.000813
5.5,0.907684,0.750778,0.001,0.025215,0.000115,-0.025934,-0.157909,0.674706,-0.811527,-0.300962,-1.49272,0.087731,0.034218,0.038172,-0.716348,0.595539,0.480288,1.59929,0.097968,-0.124757,-0.158138,-0.359257,-0.000307,0.000728
5.55,0.916942,0.755741,0.001,0.025702,0.000104,-0.026338,-0.162203,0.666799,-0.811314,-0.301236,-1.48559,0.08708,0.029068,0.040808,-0.708666,0.593305,0.48135,1.5925,0.099644,-0.120447,-0.162238,-0.365552,-0.000275,0.000645
5.6,0.925439,0.760399,0.001,0.026136,9.3e-05,-0.026691,-0.166043,0.659695,-0.810867,-0.301689,-1.47872,0.086275,0.023917,0.043371,-0.701764,0.591095,0.482474,1.58583,0.101316,-0.116022,-0.16619,-0.371276,-0.000243,0.000563
5.65,0.933141,0.764703,0.001,0.026518,8.2e-05,-0.026995,-0.16944,0.653371,-0.810192,-0.302312,-1.4721,0.08532,0.018774,0.045867,-0.695622,0.588912,0.483658,1.57927,0.102984,-0.111482,-0.169997,-0.376423,-0.000211,0.000484
5.7,0.9364,0.766705,0.005178,0.027002,0.000113,-0.027646,-0.174877,0.643021,-0.810649,-0.301964,-1.46361,0.085092,0.013136,0.048885,-0.686227,0.587099,0.484058,1.57142,0.104127,-0.106615,-0.173923,-0.380982,-0.000288,0.000654
5.75,0.9364,0.767,0.012142,0.027645,0.000158,-0.028514,-0.181546,0.630214,-0.811822,-0.301018,-1.45393,0.085322,0.00715,0.052201,-0.674862,0.585554,0.48393,1.56272,0.104891,-0.101475,-0.177881,-0.384948,-0.000391,0.000883
5.8,0.9364,0.767319,0.018123,0.028313,0.000175,-0.029237,-0.187208,0.619293,-0.81248,-0.300503,-1.44497,0.085218,0.001287,0.055282,-0.665148,0.583973,0.484037,1.55444,0.105751,-0.096254,-0.181635,-0.388314,-0.000417,0.00094
5.85,0.9364,0.767618,0.023067,0.028937,0.00017,-0.02981,-0.191853,0.610264,-0.812605,-0.300413,-1.43679,0.084774,-0.004418,0.058152,-0.65711,0.58235,0.484393,1.54659,0.106725,-0.090967,-0.185186,-0.391075,-0.000396,0.000889
5.9,0.9364,0.767875,0.026944,0.029476,0.00015,-0.030233,-0.195474,0.603136,-0.812187,-0.300744,-1.4294,0.083984,-0.009945,0.060817,-0.650764,0.580682,0.485007,1.53918,0.107825,-0.085617,-0.188531,-0.393227,-0.000345,0.000772
5.95,0.9364,0.768071,0.029731,0.029903,0.000121,-0.030505,-0.198064,0.597922,-0.811222,-0.301497,-1.42283,0.082846,-0.015278,0.063282,-0.646127,0.578968,0.485886,1.53222,0.109061,-0.08021,-0.191672,-0.394767,-0.000275,0.000614
6,0.9364,0.768194,0.031411,0.030202,8.6e-05,-0.030626,-0.19962,0.594633,-0.809703,-0.30267,-1.4171,0.081355,-0.020404,0.065548,-0.64321,0.577204,0.487038,1.52572,0.110438,-0.074749,-0.194608,-0.395692,-0.000194,0.000432
6.05,0.9364,0.768236,0.031973,0.030363,4.7e-05,-0.030594,-0.200138,0.593282,-0.807629,-0.304266,-1.41222,0.079508,-0.02531,0.067616,-0.642023,0.575391,0.48847,1.51967,0.111963,-0.069235,-0.19734,-0.396,-0.000106,0.000236
6.1,0.9364,0.768286,0.031796,0.030479,3.7e-05,-0.03066,-0.199911,0.593011,-0.805379,-0.305915,-1.40778,0.077522,-0.030103,0.069626,-0.644739,0.577711,0.487229,1.51711,0.109965,-0.065096,-0.194305,-0.395869,-8.3e-05,0.000185
6.15,0.9364,0.768552,0.031756,0.030576,3.1e-05,-0.030728,-0.199605,0.592835,-0.803123,-0.307554,-1.40336,0.07553,-0.034884,0.071636,-0.647622,0.580102,0.485958,1.51445,0.107901,-0.060804,-0.191154,-0.395706,-7e-05,0.000156
6.2,0.9364,0.769028,0.031831,0.030661,2.8e-05,-0.030797,-0.199203,0.592786,-0.800856,-0.309185,-1.39898,0.073533,-0.039643,0.07364,-0.650697,0.582564,0.484655,1.51169,0.105774,-0.056362,-0.187888,-0.395501,-6.3e-05,0.000139
6.25,0.936119,0.769509,0.03208,0.030738,2.6e-05,-0.030866,-0.19869,0.592891,-0.798576,-0.310812,-1.39466,0.071528,-0.044368,0.075633,-0.653989,0.585094,0.483325,1.50885,0.103586,-0.051771,-0.184507,-0.395126,-5.9e-05,0.000131
6.3,0.935477,0.769934,0.032509,0.030812,2.5e-05,-0.030937,-0.198053,0.593175,-0.796281,-0.312434,-1.39042,0.069513,-0.049051,0.077608,-0.657514,0.587689,0.481973,1.50592,0.101341,-0.047032,-0.18101,-0.394539,-5.8e-05,0.000128
6.35,0.933024,0.769176,0.033134,0.030861,2.1e-05,-0.030965,-0.196983,0.594233,-0.793803,-0.314189,-1.38653,0.067379,-0.053615,0.0795,-0.661779,0.590299,0.480706,1.50309,0.09911,-0.042175,-0.177361,-0.392948,-4.8e-05,0.000105
6.4,0.926251,0.765311,0.034008,0.030843,6e-06,-0.030876,-0.194948,0.597101,-0.790851,-0.316313,-1.38346,0.064931,-0.057938,0.081192,-0.667673,0.592837,0.479718,1.50066,0.097018,-0.037251,-0.173495,-0.388982,-1.5e-05,3.4e-05
6.45,0.918407,0.760926,0.035152,0.030792,-2e-06,-0.030781,-0.192634,0.600447,-0.787821,-0.318492,-1.38062,0.062426,-0.062171,0.082826,-0.674062,0.595405,0.478766,1.49823,0.094902,-0.032194,-0.169492,-0.384423,5e-06,-1.1e-05
6.5,0.909506,0.75604,0.036575,0.03072,-7e-06,-0.030682,-0.190041,0.604269,-0.784718,-0.32072,-1.37801,0.059869,-0.066308,0.084401,-0.680941,0.598003,0.477849,1.4958,0.092762,-0.027002,-0.165352,-0.379277,1.7e-05,-3.9e-05
6.55,0.899561,0.750693,0.038302,0.030634,-1e-05,-0.030582,-0.18717,0.608568,-0.781547,-0.322995,-1.37563,0.057263,-0.070343,0.085911,-0.688309,0.600628,0.476969,1.49335,0.090597,-0.021678,-0.161073,-0.373552,2.3e-05,-5.3e-05
6.6,0.888587,0.744928,0.040363,0.030541,-1e-05,-0.030485,-0.184021,0.613342,-0.778317,-0.325314,-1.37349,0.054612,-0.074273,0.087356,-0.696165,0.603278,0.476126,1.4909,0.088408,-0.01622,-0.156657,-0.367257,2.5e-05,-5.6e-05
6.65,0.8766,0.738794,0.042787,0.030446,-9e-06,-0.030395,-0.180593,0.618594,-0.775031,-0.327673,-1.3716,0.05192,-0.078091,0.08873,-0.704508,0.60595,0.475319,1.48844,0.086192,-0.010629,-0.152103,-0.360403,2.2e-05,-5.1e-05
6.7,0.863621,0.732341,0.045605,0.030354,-7e-06,-0.030316,-0.176885,0.624323,-0.771697,-0.330069,-1.36995,0.04919,-0.081794,0.090031,-0.713336,0.608644,0.474551,1.48596,0.083951,-0.004906,-0.147411,-0.352998,1.7e-05,-3.9e-05
6.75,0.84967,0.725622,0.04885,0.030269,-3e-06,-0.03025,-0.172898,0.63053,-0.76832,-0.332498,-1.36856,0.046426,-0.085377,0.091254,-0.722649,0.611356,0.473822,1.48347,0.081683,0.00095,-0.142581,-0.345056,8e-06,-1.9e-05
6.8,0.834748,0.718804,0.052649,0.0302,3e-06,-0.030215,-0.168594,0.637258,-0.764911,-0.334951,-1.36743,0.043629,-0.088843,0.092397,-0.732473,0.614082,0.47313,1.48093,0.079378,0.006945,-0.137606,-0.336566,-6e-06,1.5e-05
6.85,0.81893,0.711744,0.056859,0.030145,7e-06,-0.03019,-0.164044,0.644425,-0.761466,-0.33744,-1.36656,0.040809,-0.092176,0.093455,-0.742755,0.616826,0.472481,1.47839,0.077055,0.013063,-0.132496,-0.327584,-1.8e-05,4.6e-05
6.9,0.80222,0.704598,0.061592,0.030109,1.3e-05,-0.030192,-0.159214,0.652069,-0.757995,-0.339953,-1.36596,0.037967,-0.095377,0.094427,-0.753519,0.619584,0.471874,1.47582,0.074704,0.019311,-0.127248,-0.318103,-3.3e-05,8.4e-05
6.95,0.784652,0.697429,0.066879,0.030095,2e-05,-0.030223,-0.154102,0.66019,-0.754506,-0.342488,-1.36563,0.035108,-0.098443,0.095309,-0.764762,0.622354,0.471309,1.47322,0.072324,0.025689,-0.12186,-0.308138,-4.9e-05,0.000129
7,0.766262,0.690301,0.072749,0.030108,2.7e-05,-0.030287,-0.148711,0.668786,-0.751002,-0.34504,-1.36558,0.032237,-0.101372,0.096097,-0.776482,0.625135,0.470788,1.47059,0.069915,0.032195,-0.116332,-0.297704,-6.7e-05,0.000181
7.05,0.74709,0.683279,0.079228,0.030152,3.4e-05,-0.030389,-0.14304,0.677854,-0.74749,-0.347608,-1.3658,0.029357,-0.104161,0.096789,-0.788675,0.627927,0.470309,1.46792,0.067476,0.038829,-0.110664,-0.286817,-8.7e-05,0.00024
7.1,0.727178,0.676429,0.08634,0.03023,4.2e-05,-0.030533,-0.137091,0.68739,-0.743976,-0.350186,-1.36631,0.026475,-0.106807,0.097382,-0.801338,0.630728,0.469874,1.46522,0.065006,0.045591,-0.104855,-0.275494,-0.000108,0.000306
7.15,0.706573,0.669815,0.094106,0.030347,4.9e-05,-0.030722,-0.130865,0.69739,-0.740465,-0.352771,-1.36709,0.023595,-0.109308,0.097873,-0.814465,0.63354,0.469483,1.46247,0.062504,0.052478,-0.098906,-0.263753,-0.000131,0.000378
7.2,0.685323,0.663503,0.102543,0.030506,5.7e-05,-0.030961,-0.124365,0.707845,-0.736964,-0.355358,-1.36816,0.020724,-0.111663,0.09826,-0.828049,0.636363,0.469134,1.45967,0.059969,0.059491,-0.092816,-0.25161,-0.000154,0.000458
7.25,0.663484,0.657554,0.111663,0.030712,6.4e-05,-0.031253,-0.117595,0.718747,-0.733478,-0.357944,-1.36951,0.017868,-0.113871,0.098543,-0.842081,0.639197,0.468827,1.45682,0.0574,0.06663,-0.086585,-0.239086,-0.000178,0.000545
7.3,0.641111,0.652031,0.121476,0.030967,7.1e-05,-0.031602,-0.110558,0.730085,-0.730015,-0.360522,-1.37113,0.015033,-0.115929,0.098719,-0.85655,0.642044,0.46856,1.4539,0.054794,0.073892,-0.080213,-0.226199,-0.000202,0.000639
7.35,0.618267,0.646992,0.131984,0.031277,7.6e-05,-0.032013,-0.103261,0.741844,-0.72658,-0.363087,-1.37304,0.012227,-0.117837,0.098788,-0.871444,0.644906,0.468331,1.45092,0.05215,0.081278,-0.073701,-0.212969,-0.000226,0.00074
7.4,0.595013,0.642493,0.143187,0.031645,8.1e-05,-0.032489,-0.09571,0.754008,-0.723181,-0.365633,-1.37522,0.009458,-0.119596,0.098749,-0.886747,0.647787,0.468137,1.44787,0.049465,0.088786,-0.067049,-0.199416,-0.00025,0.000848
7.45,0.571419,0.638587,0.155078,0.032075,8.5e-05,-0.033035,-0.087913,0.766557,-0.719824,-0.368152,-1.37766,0.006732,-0.121203,0.098603,-0.90244,0.650688,0.467974,1.44473,0.046738,0.096416,-0.060258,-0.185562,-0.000273,0.000964
7.5,0.547553,0.635322,0.167646,0.032571,8.7e-05,-0.033653,-0.07988,0.779469,-0.716517,-0.370637,-1.38037,0.004059,-0.122661,0.098352,-0.918502,0.653615,0.467838,1.4415,0.043965,0.104167,-0.053329,-0.171428,-0.000296,0.001086
7.55,0.523488,0.632743,0.180874,0.033137,8.7e-05,-0.034349,-0.071621,0.792719,-0.713267,-0.37308,-1.38333,0.001448,-0.123968,0.097996,-0.934908,0.656571,0.467724,1.43816,0.041143,0.112037,-0.046264,-0.157034,-0.000317,0.001215
7.6,0.499297,0.63089,0.194739,0.033776,8.5e-05,-0.035125,-0.063149,0.806278,-0.710081,-0.375472,-1.38654,-0.001093,-0.125125,0.097539,-0.951631,0.659562,0.467626,1.43472,0.03827,0.120026,-0.039065,-0.142405,-0.000337,0.001351
7.65,0.475058,0.629798,0.209216,0.034493,8.1e-05,-0.035985,-0.054478,0.820114,-0.706967,-0.377804,-1.38999,-0.003553,-0.126132,0.096983,-0.968641,0.662593,0.467536,1.43115,0.035341,0.128133,-0.031734,-0.127561,-0.000355,0.001493
7.7,0.450845,0.629496,0.224271,0.035292,7.5e-05,-0.036932,-0.045623,0.834193,-0.703933,-0.380065,-1.39366,-0.005923,-0.12699,0.096333,-0.985903,0.66567,0.467448,1.42744,0.032354,0.136355,-0.024275,-0.112527,-0.000371,0.001642
7.75,0.426736,0.630009,0.23987,0.036174,6.6e-05,-0.037968,-0.036599,0.848481,-0.700984,-0.382246,-1.39755,-0.008194,-0.127698,0.095592,-1.00338,0.668799,0.467353,1.42358,0.029305,0.14469,-0.016691,-0.097324,-0.000385,0.001796
7.8,0.402807,0.631356,0.255972,0.037144,5.4e-05,-0.039098,-0.027424,0.862937,-0.69813,-0.384335,-1.40164,-0.010356,-0.128257,0.094765,-1.02104,0.671988,0.467241,1.41956,0.026191,0.153137,-0.008987,-0.081978,-0.000396,0.001954
7.85,0.379133,0.63355,0.272533,0.038205,3.8e-05,-0.040322,-0.018117,0.877522,-0.695375,-0.386323,-1.40592,-0.012401,-0.128668,0.093858,-1.03883,0.675243,0.467105,1.41536,0.023007,0.161692,-0.001166,-0.066511,-0.000404,0.002117
7.9,0.355788,0.636598,0.289506,0.039359,2e-05,-0.041643,-0.008697,0.892196,-0.692726,-0.388198,-1.41039,-0.014318,-0.128929,0.092876,-1.05671,0.67857,0.466933,1.41097,0.019752,0.170353,0.006765,-0.050948,-0.000408,0.002284
7.95,0.332842,0.640502,0.306842,0.040609,-2e-06,-0.043063,0.000818,0.906916,-0.690189,-0.38995,-1.41501,-0.0161,-0.129041,0.091826,-1.07464,0.681976,0.466716,1.40638,0.016421,0.179116,0.0148,-0.035312,-0.000409,0.002453
8,0.310364,0.645258,0.324488,0.041957,-2.7e-05,-0.044581,0.010406,0.921641,-0.68777,-0.391569,-1.4198,-0.017738,-0.129003,0.090714,-1.09256,0.685469,0.466444,1.40157,0.013012,0.187976,0.022934,-0.019627,-0.000405,0.002624
8.05,0.288418,0.650855,0.342391,0.043403,-5.6e-05,-0.046198,0.020048,0.936331,-0.685471,-0.393045,-1.42473,-0.019227,-0.128815,0.089545,-1.11045,0.689053,0.466107,1.39653,0.009524,0.196931,0.031158,-0.003919,-0.000398,0.002796
8.1,0.265988,0.657234,0.362286,0.044628,-6.8e-05,-0.04696,0.028964,0.951459,-0.682779,-0.395416,-1.42992,-0.021019,-0.128476,0.087849,-1.12765,0.692196,0.465877,1.40208,0.006343,0.195994,0.0388,0.011778,-0.000303,0.002333
8.15,0.244193,0.664455,0.382387,0.045737,-7.9e-05,-0.04781,0.037879,0.966482,-0.680238,-0.397644,-1.43523,-0.022654,-0.127988,0.086098,-1.14484,0.69539,0.465616,1.40751,0.003107,0.195116,0.046488,0.027458,-0.000244,0.002075
8.2,0.223094,0.672493,0.402632,0.046796,-9.1e-05,-0.048741,0.046771,0.981364,-0.677847,-0.399727,-1.44064,-0.024127,-0.12735,0.084293,-1.16196,0.69864,0.465308,1.41279,-0.000186,0.194289,0.054211,0.043091,-0.000205,0.001947
8.25,0.20274,0.681317,0.422963,0.047849,-0.000106,-0.049747,0.055619,0.996075,-0.675606,-0.401662,-1.44615,-0.025437,-0.126562,0.082441,-1.17896,0.701951,0.46494,1.41793,-0.00354,0.193506,0.061954,0.058651,-0.000177,0.001901
8.3,0.183169,0.690893,0.443325,0.048922,-0.000123,-0.050824,0.064404,1.01058,-0.673517,-0.403444,-1.45175,-0.026582,-0.125621,0.080543,-1.1958,0.705326,0.464501,1.42292,-0.006953,0.192758,0.069706,0.074114,-0.000155,0.001906
8.35,0.164417,0.70118,0.463662,0.05003,-0.000142,-0.051966,0.073109,1.02486,-0.671577,-0.405071,-1.45743,-0.027561,-0.124527,0.078605,-1.21243,0.708765,0.463982,1.42775,-0.010425,0.192038,0.077455,0.089456,-0.000134,0.001941
8.4,0.146511,0.712136,0.483919,0.051182,-0.000163,-0.053169,0.081715,1.03888,-0.669788,-0.40654,-1.46318,-0.028375,-0.123279,0.076631,-1.22882,0.712271,0.463376,1.43243,-0.013955,0.191335,0.085189,0.104654,-0.000114,0.001993
8.45,0.129473,0.723713,0.504043,0.052383,-0.000185,-0.054428,0.090206,1.05261,-0.668148,-0.407848,-1.46899,-0.029022,-0.121876,0.074624,-1.24493,0.715841,0.462675,1.43695,-0.017538,0.190642,0.092897,0.119684,-9.3e-05,0.002053
8.5,0.113318,0.73586,0.523985,0.053633,-0.000208,-0.055737,0.098569,1.06604,-0.666656,-0.408993,-1.47487,-0.029505,-0.120317,0.072588,-1.26073,0.719474,0.461876,1.44131,-0.021173,0.189948,0.100568,0.134522,-7.1e-05,0.002115
8.55,0.098055,0.748523,0.543694,0.05493,-0.000232,-0.057092,0.106788,1.07914,-0.66531,-0.409974,-1.48079,-0.029824,-0.118602,0.070525,-1.27619,0.723168,0.460973,1.44553,-0.024855,0.189243,0.10819,0.149147,-4.8e-05,0.002174
8.6,0.083686,0.761646,0.563123,0.056273,-0.000256,-0.058486,0.114851,1.0919,-0.66411,-0.410792,-1.48677,-0.029982,-0.11673,0.06844,-1.29128,0.72692,0.459964,1.44959,-0.028579,0.188519,0.115752,0.163534,-2.4e-05,0.002228
8.65,0.070209,0.775168,0.582229,0.057656,-0.000279,-0.059913,0.122747,1.10431,-0.663052,-0.411447,-1.49278,-0.029983,-0.114702,0.066333,-1.30597,0.730725,0.458847,1.45352,-0.032341,0.187764,0.123243,0.177663,1e-06,0.002274
8.7,0.057617,0.78903,0.600968,0.059075,-0.000301,-0.061369,0.130463,1.11634,-0.662135,-0.41194,-1.49883,-0.029829,-0.112519,0.064207,-1.32025,0.73458,0.45762,1.45731,-0.036136,0.18697,0.130651,0.191512,2.7e-05,0.002313
8.75,0.045895,0.803167,0.619301,0.060526,-0.000323,-0.062846,0.13799,1.12799,-0.661357,-0.412272,-1.5049,-0.029524,-0.110181,0.062065,-1.3341,0.738478,0.456285,1.46097,-0.039958,0.186126,0.137966,0.205059,5.2e-05,0.002342
8.8,0.035027,0.817515,0.637191,0.062002,-0.000343,-0.064339,0.145319,1.13925,-0.660714,-0.412447,-1.51101,-0.029073,-0.10769,0.059908,-1.3475,0.742414,0.454842,1.46451,-0.043801,0.185222,0.145178,0.218283,7.7e-05,0.002362
8.85,0.02499,0.832008,0.654601,0.063496,-0.000361,-0.065841,0.15244,1.15012,-0.660205,-0.412467,-1.51713,-0.028479,-0.105047,0.057737,-1.36043,0.746381,0.453292,1.46793,-0.04766,0.184249,0.152275,0.231165,0.000102,0.002372
8.9,0.015758,0.846579,0.6715,0.065004,-0.000377,-0.067346,0.159346,1.16058,-0.659827,-0.412334,-1.52326,-0.027749,-0.102254,0.055554,-1.37288,0.750375,0.451638,1.47126,-0.051528,0.183197,0.159247,0.243684,0.000125,0.002372
8.95,0.007303,0.861162,0.687858,0.066518,-0.000391,-0.068848,0.166028,1.17062,-0.659579,-0.412054,-1.52941,-0.026887,-0.099313,0.05336,-1.38483,0.754386,0.449884,1.4745,-0.055401,0.182055,0.166084,0.255821,0.000148,0.002362
9,0.00118,0.875243,0.70013,0.068118,-0.000425,-0.070532,0.173962,1.18268,-0.659042,-0.411989,-1.53623,-0.026084,-0.096305,0.050884,-1.39913,0.758297,0.448509,1.47828,-0.059112,0.181002,0.17339,0.267558,0.000175,0.002451
9.05,0.001154,0.887653,0.699773,0.07007,-0.000539,-0.072913,0.186766,1.20259,-0.657218,-0.412968,-1.54532,-0.02575,-0.093455,0.047482,-1.42267,0.7619,0.448615,1.48407,-0.062318,0.180539,0.18271,0.278871,0.000225,0.002893
9.1,0.001144,0.900019,0.700076,0.072174,-0.000624,-0.075265,0.198846,1.2212,-0.655668,-0.413644,-1.5541,-0.025165,-0.090487,0.044189,-1.44468,0.765665,0.448381,1.48946,-0.065655,0.179975,0.191716,0.289756,0.000266,0.003153
9.15,0.001134,0.912266,0.701002,0.074361,-0.000687,-0.077572,0.210182,1.2385,-0.654388,-0.414025,-1.56256,-0.024348,-0.087393,0.041005,-1.46513,0.769562,0.44782,1.49447,-0.069101,0.179284,0.200383,0.300188,0.000297,0.003282
9.2,0.001124,0.924322,0.702468,0.076581,-0.000729,-0.079821,0.220786,1.25452,-0.653366,-0.414127,-1.57074,-0.023318,-0.084168,0.037926,-1.48407,0.773562,0.446955,1.49915,-0.072631,0.178443,0.2087,0.310151,0.000321,0.00332
9.25,0.001115,0.936115,0.704393,0.078793,-0.000755,-0.081999,0.230668,1.26932,-0.652591,-0.413966,-1.57865,-0.022095,-0.080808,0.034944,-1.50153,0.777633,0.44581,1.50355,-0.076224,0.177434,0.216655,0.319629,0.000337,0.003293
9.3,0.001105,0.947578,0.706695,0.080969,-0.000767,-0.084093,0.239841,1.28292,-0.652054,-0.41356,-1.5863,-0.020699,-0.077313,0.032054,-1.51755,0.78175,0.444409,1.50769,-0.079859,0.176239,0.224239,0.328608,0.000348,0.003216
9.35,0.001,0.958527,0.709302,0.08307,-0.000761,-0.086057,0.248289,1.29539,-0.651752,-0.412958,-1.59373,-0.019175,-0.073662,0.029229,-1.5322,0.785828,0.442838,1.51173,-0.083488,0.174804,0.231429,0.337056,0.000317,0.003082
9.4,0.001,0.969148,0.712121,0.085098,-0.000752,-0.087956,0.256091,1.30675,-0.651664,-0.41211,-1.6009,-0.01748,-0.069899,0.026503,-1.54548,0.789966,0.440994,1.51548,-0.087158,0.173195,0.238252,0.344998,0.000321,0.002955
9.45,0.001,0.979249,0.715085,0.087033,-0.000733,-0.08974,0.263229,1.31704,-0.651787,-0.411067,-1.60786,-0.015661,-0.066004,0.023849,-1.55744,0.794078,0.438967,1.51909,-0.090818,0.171359,0.244685,0.352402,0.000319,0.002803
9.5,0.001,0.988772,0.718118,0.088862,-0.000706,-0.091401,0.269718,1.32633,-0.652116,-0.409845,-1.6146,-0.013732,-0.061981,0.021262,-1.56815,0.798145,0.436782,1.52259,-0.094457,0.169285,0.250722,0.359257,0.000313,0.002634
9.55,0.001,0.997663,0.721151,0.090572,-0.000671,-0.092932,0.275574,1.33463,-0.652645,-0.408458,-1.62115,-0.011704,-0.057835,0.018737,-1.57764,0.802149,0.434459,1.52601,-0.098061,0.166964,0.256362,0.365551,0.000303,0.002453
9.6,0.001,1.00587,0.724117,0.092155,-0.000631,-0.094328,0.280813,1.342,-0.653368,-0.406919,-1.62749,-0.009589,-0.05357,0.01627,-1.58597,0.806077,0.432021,1.52937,-0.101621,0.164389,0.261604,0.371276,0.000289,0.002263
9.65,0.001,1.01335,0.726953,0.093602,-0.000585,-0.095585,0.285452,1.34846,-0.654279,-0.40524,-1.63365,-0.007398,-0.049194,0.013858,-1.59317,0.809914,0.429485,1.53272,-0.105127,0.161554,0.266447,0.376422,0.000273,0.002067
9.7,0.001,1.02005,0.729601,0.094908,-0.000536,-0.096698,0.289504,1.35404,-0.655374,-0.403433,-1.63961,-0.005139,-0.044711,0.0115,-1.59929,0.813652,0.426871,1.53606,-0.108572,0.158455,0.270892,0.380982,0.000253,0.001868
9.75,0.001,1.02594,0.732008,0.09607,-0.000485,-0.097666,0.292984,1.35879,-0.656648,-0.401508,-1.64539,-0.002821,-0.040131,0.009194,-1.60436,0.81728,0.424193,1.53942,-0.111952,0.155087,0.27494,0.384948,0.000232,0.001668
9.8,0.001,1.03099,0.734128,0.097083,-0.000431,-0.098487,0.295905,1.36271,-0.658097,-0.399474,-1.65099,-0.000451,-0.035459,0.006939,-1.60843,0.820792,0.421466,1.54281,-0.115259,0.151449,0.278591,0.388314,0.000208,0.001468
9.85,0.001,1.03516,0.735919,0.097945,-0.000376,-0.09916,0.298278,1.36583,-0.659717,-0.397341,-1.65639,0.001964,-0.030703,0.004737,-1.61151,0.824183,0.418701,1.54625,-0.118492,0.147538,0.281849,0.391075,0.000183,0.001271
9.9,0.001,1.03843,0.737348,0.098657,-0.00032,-0.099684,0.300112,1.36818,-0.661505,-0.395116,-1.66161,0.004418,-0.025871,0.002589,-1.61364,0.82745,0.415908,1.54976,-0.121648,0.143354,0.284714,0.393227,0.000158,0.001075
9.95,0.001,1.04078,0.738387,0.099217,-0.000264,-0.10006,0.301416,1.36976,-0.663456,-0.392806,-1.66663,0.006906,-0.020971,0.000497,-1.61484,0.830591,0.413096,1.55333,-0.124725,0.138895,0.287187,0.394767,0.000131,0.000883
10,0.001,1.04219,0.739018,0.099626,-0.000208,-0.100289,0.302195,1.37058,-0.665569,-0.390418,-1.67146,0.009423,-0.01601,-0.001536,-1.61511,0.833605,0.410272,1.55699,-0.127722,0.134162,0.289271,0.395692,0.000104,0.000694
10.05,0.001,1.04281,0.739214,0.099908,-0.000157,-0.100408,0.302614,1.37088,-0.667797,-0.387977,-1.67613,0.011959,-0.011013,-0.003527,-1.61477,0.836502,0.407467,1.56076,-0.130636,0.129189,0.291049,0.396141,7.9e-05,0.000523
10.1,0.001,1.04219,0.739001,0.099685,9.4e-05,-0.099387,0.302183,1.37174,-0.669883,-0.386627,-1.68088,0.014,-0.006035,-0.006208,-1.61567,0.8333,0.410234,1.56784,-0.127824,0.124314,0.28782,0.395692,-4.7e-05,-0.000313
10.15,0.001,1.04113,0.738325,0.099183,0.00026,-0.098352,0.301774,1.3726,-0.671976,-0.385263,-1.68561,0.016044,-0.001068,-0.008885,-1.61664,0.829985,0.413151,1.57513,-0.124893,0.119281,0.284516,0.3951,-0.000131,-0.00087
10.2,0.001,1.03959,0.737188,0.098485,0.000373,-0.097292,0.301367,1.37346,-0.674078,-0.383891,-1.69028,0.018086,0.003881,-0.011557,-1.61763,0.826565,0.416192,1.58262,-0.121852,0.114087,0.281112,0.394353,-0.000188,-0.001249
10.25,0.001,1.03758,0.735597,0.097646,0.000451,-0.0962,0.300934,1.37428,-0.676189,-0.382519,-1.6949,0.020121,0.008807,-0.01422,-1.61859,0.823039,0.419348,1.59029,-0.118705,0.108726,0.277592,0.393429,-0.000228,-0.001515
10.3,0.001,1.03506,0.733561,0.096698,0.000508,-0.095066,0.300452,1.37503,-0.678313,-0.38115,-1.69944,0.022144,0.013704,-0.016869,-1.61946,0.819408,0.422614,1.59812,-0.115452,0.103195,0.273941,0.39231,-0.000258,-0.001708
10.35,0.001,1.03204,0.731092,0.095661,0.000551,-0.093887,0.299898,1.37567,-0.68045,-0.379787,-1.7039,0.024152,0.018566,-0.019498,-1.6202,0.815673,0.425986,1.60611,-0.112095,0.09749,0.270148,0.390981,-0.00028,-0.001857
10.4,0.001,1.02805,0.728262,0.094484,0.000596,-0.092558,0.298736,1.3754,-0.682749,-0.378358,-1.70807,0.026167,0.02344,-0.022013,-1.61982,0.811813,0.42936,1.6141,-0.108649,0.0915,0.26595,0.388982,-0.000304,-0.002016
10.45,0.002199,1.02097,0.722749,0.09302,0.00065,-0.090899,0.295962,1.37268,-0.685495,-0.376712,-1.71158,0.02824,0.028416,-0.024219,-1.61647,0.807797,0.432533,1.6218,-0.105141,0.085015,0.260865,0.384422,-0.000333,-0.002218
10.5,0.003708,1.01306,0.716405,0.091449,0.000687,-0.089181,0.292886,1.36946,-0.688306,-0.375036,-1.71488,0.030308,0.033356,-0.026332,-1.61252,0.8037,0.435728,1.62953,-0.101546,0.078319,0.255548,0.379276,-0.000347,-0.002369
10.55,0.005538,1.00435,0.709238,0.089792,0.000714,-0.087407,0.289512,1.36576,-0.691179,-0.373333,-1.71799,0.032366,0.038253,-0.028347,-1.60797,0.799523,0.438946,1.63728,-0.097862,0.071417,0.250003,0.373551,-0.000355,-0.002488
10.6,0.007716,0.994885,0.701261,0.088063,0.000731,-0.085584,0.285844,1.36158,-0.694108,-0.371605,-1.72088,0.034415,0.043099,-0.030257,-1.60282,0.795271,0.442179,1.64504,-0.094093,0.064313,0.244239,0.367257,-0.000357,-0.002583
10.65,0.010277,0.984711,0.692483,0.086275,0.000742,-0.083722,0.281888,1.35691,-0.697088,-0.369852,-1.72355,0.036453,0.047884,-0.032057,-1.59705,0.790954,0.445419,1.6528,-0.090239,0.057013,0.238264,0.360402,-0.000355,-0.002658
10.7,0.013252,0.97388,0.682918,0.08444,0.000748,-0.081827,0.277648,1.35175,-0.700115,-0.368076,-1.726,0.038479,0.052601,-0.033739,-1.59068,0.786577,0.448661,1.66053,-0.086305,0.049524,0.232089,0.352998,-0.000348,-0.002717
10.75,0.016679,0.962447,0.672579,0.08257,0.000748,-0.07991,0.273129,1.34611,-0.703183,-0.366275,-1.72821,0.040493,0.057242,-0.035296,-1.58371,0.782148,0.451896,1.66823,-0.082291,0.041852,0.225722,0.345056,-0.000338,-0.002762
10.8,0.020705,0.950608,0.661478,0.080679,0.000741,-0.077995,0.268367,1.33997,-0.706289,-0.364424,-1.73016,0.042505,0.061788,-0.036704,-1.57609,0.777704,0.455092,1.67579,-0.078213,0.034021,0.219187,0.336617,-0.000294,-0.002784
10.85,0.025156,0.938161,0.649641,0.078772,0.000732,-0.076063,0.263308,1.33335,-0.709427,-0.362572,-1.73189,0.044496,0.066249,-0.037991,-1.5679,0.773193,0.458292,1.68336,-0.074052,0.026005,0.212471,0.327639,-0.000276,-0.002805
10.9,0.030169,0.925291,0.637082,0.076856,0.00072,-0.074137,0.257986,1.32625,-0.712594,-0.360693,-1.73338,0.046475,0.070608,-0.039134,-1.55912,0.768651,0.461466,1.69086,-0.069823,0.017828,0.205596,0.318162,-0.000256,-0.002812
10.95,0.035783,0.912061,0.623819,0.074943,0.000703,-0.072226,0.252408,1.31866,-0.715786,-0.358786,-1.7346,0.048444,0.074856,-0.040127,-1.54973,0.764084,0.464607,1.69826,-0.065527,0.009498,0.198574,0.308201,-0.000233,-0.002806
11,0.042034,0.898537,0.609876,0.073042,0.000682,-0.07034,0.246578,1.31058,-0.719,-0.356849,-1.73556,0.050402,0.078985,-0.040965,-1.53977,0.759497,0.467708,1.70555,-0.061168,0.001023,0.191416,0.297771,-0.000208,-0.002786
11.05,0.048959,0.884784,0.595275,0.071161,0.000658,-0.068487,0.240504,1.30202,-0.722234,-0.354881,-1.73626,0.052351,0.082987,-0.041643,-1.52921,0.754897,0.470765,1.71273,-0.05675,-0.007589,0.184132,0.286888,-0.000182,-0.002754
11.1,0.056593,0.87087,0.580042,0.06931,0.00063,-0.066676,0.234192,1.29297,-0.725485,-0.35288,-1.73668,0.054292,0.086853,-0.042157,-1.51809,0.750288,0.473771,1.71976,-0.052278,-0.016329,0.176736,0.27557,-0.000155,-0.002708
11.15,0.06497,0.856861,0.564205,0.067498,0.000599,-0.064917,0.227647,1.28345,-0.728751,-0.350844,-1.73682,0.056226,0.090575,-0.042501,-1.50639,0.745675,0.476722,1.72666,-0.047753,-0.025188,0.169237,0.263833,-0.000127,-0.002648
11.2,0.074121,0.842827,0.547794,0.065732,0.000566,-0.063218,0.220876,1.27344,-0.732029,-0.348771,-1.73667,0.058154,0.094145,-0.042674,-1.49414,0.741063,0.479613,1.73339,-0.043182,-0.034158,0.161648,0.251695,-9.8e-05,-0.002576
11.25,0.084074,0.828834,0.53084,0.064021,0.00053,-0.061587,0.213887,1.26297,-0.735319,-0.346659,-1.73623,0.060078,0.097553,-0.042672,-1.48135,0.736456,0.48244,1.73995,-0.038568,-0.043228,0.153981,0.239176,-7e-05,-0.002491
11.3,0.094856,0.814951,0.513378,0.062374,0.000492,-0.060032,0.206687,1.25203,-0.73862,-0.344507,-1.7355,0.061998,0.100793,-0.042493,-1.46803,0.731857,0.4852,1.74634,-0.033915,-0.052389,0.146245,0.226294,-4.3e-05,-0.002392
11.35,0.106488,0.801244,0.495445,0.060796,0.000452,-0.05856,0.199284,1.24063,-0.74193,-0.342313,-1.73447,0.063916,0.103855,-0.042137,-1.45419,0.727268,0.48789,1.75253,-0.029228,-0.061631,0.138454,0.213069,-1.7e-05,-0.002282
11.4,0.118989,0.78778,0.477081,0.059296,0.000412,-0.057177,0.191687,1.22878,-0.745249,-0.340077,-1.73313,0.065833,0.106732,-0.041603,-1.43986,0.722692,0.490508,1.75853,-0.024512,-0.070945,0.130616,0.199522,7e-06,-0.002159
11.45,0.132371,0.774622,0.458326,0.057879,0.000371,-0.05589,0.183904,1.21649,-0.748577,-0.337796,-1.7315,0.06775,0.109416,-0.040891,-1.42505,0.71813,0.493052,1.76433,-0.019771,-0.08032,0.122744,0.185673,2.9e-05,-0.002024
11.5,0.146645,0.761835,0.439225,0.056553,0.000329,-0.054704,0.175947,1.20378,-0.751912,-0.335471,-1.72955,0.069667,0.111899,-0.040004,-1.40979,0.713585,0.495523,1.76991,-0.01501,-0.089747,0.114848,0.171544,4.8e-05,-0.001878
11.55,0.161813,0.749479,0.419824,0.055322,0.000288,-0.053624,0.167827,1.19067,-0.755255,-0.333103,-1.72729,0.071585,0.114174,-0.038944,-1.39409,0.709056,0.497919,1.77527,-0.010234,-0.099213,0.106939,0.157156,6.3e-05,-0.001722
11.6,0.177873,0.737613,0.400171,0.054192,0.000248,-0.052654,0.159556,1.17717,-0.758605,-0.330691,-1.72473,0.073503,0.116233,-0.037714,-1.378,0.704544,0.500241,1.78042,-0.005448,-0.10871,0.099025,0.142531,7.5e-05,-0.001557
11.65,0.194819,0.726294,0.380318,0.053166,0.000209,-0.051799,0.151146,1.1633,-0.761961,-0.328239,-1.72185,0.075422,0.11807,-0.036319,-1.36152,0.700049,0.502491,1.78534,-0.000657,-0.118226,0.091116,0.127693,8.3e-05,-0.001384
11.7,0.212638,0.715575,0.360316,0.05225,0.000171,-0.051059,0.142613,1.14909,-0.765322,-0.325748,-1.71868,0.077339,0.119678,-0.034765,-1.3447,0.69557,0.504671,1.79004,0.004134,-0.127752,0.083223,0.112663,8.6e-05,-0.001203
11.75,0.231308,0.705506,0.340219,0.051446,0.000136,-0.050438,0.133972,1.13457,-0.768687,-0.323222,-1.71519,0.079254,0.121052,-0.033059,-1.32757,0.691107,0.506782,1.79451,0.00892,-0.137276,0.075353,0.097465,8.5e-05,-0.001016
11.8,0.250807,0.696135,0.320083,0.050756,0.000103,-0.049937,0.12524,1.11976,-0.772053,-0.320665,-1.71142,0.081164,0.122186,-0.031207,-1.31016,0.686657,0.508829,1.79876,0.013697,-0.146789,0.067515,0.082123,7.9e-05,-0.000825
11.85,0.271101,0.687503,0.299964,0.050183,7.3e-05,-0.049556,0.116435,1.10471,-0.775418,-0.318082,-1.70735,0.083067,0.123075,-0.029218,-1.29252,0.68222,0.510816,1.80279,0.018459,-0.15628,0.059718,0.066659,6.8e-05,-0.000631
11.9,0.292154,0.67965,0.279918,0.049727,4.7e-05,-0.049293,0.107576,1.08945,-0.778779,-0.315479,-1.70299,0.084958,0.123717,-0.027101,-1.27468,0.677794,0.512745,1.80659,0.023202,-0.165741,0.051967,0.051099,5.2e-05,-0.000436
11.95,0.313923,0.67261,0.260003,0.049389,2.4e-05,-0.049149,0.098682,1.07401,-0.782131,-0.312863,-1.69837,0.086835,0.124107,-0.024865,-1.25667,0.673377,0.514621,1.81019,0.027922,-0.17516,0.044271,0.035466,3.2e-05,-0.000241
12,0.33636,0.666412,0.240276,0.049168,4e-06,-0.049121,0.089776,1.05844,-0.78547,-0.310242,-1.69348,0.088691,0.124244,-0.022522,-1.23856,0.668966,0.51645,1.81358,0.032615,-0.184531,0.036635,0.019784,7e-06,-4.7e-05
